2014SP5580,5830382,ANTONIO GOULART DOS REIS
2014PA1313,5830714,JOSÉ ROBERTO OLIVEIRA FARO
2014MG4550,5830453,RODRIGO BATISTA DE CASTRO
2014DF2222,5830785,LAERTE RODRIGUES DE BESSA
2014SP1200,5830405,SERGIO OLIMPIO GOMES
2014MG7070,5830737,LUIS HENRIQUE DE OLIVEIRA RESENDE
2014PR6565,5830336,ALIEL MACHADO BARK
2014SP5050,5830668,IVAN VALENTE
2014GO1580,5830691,PEDRO PINHEIRO CHAVES
2014PI1313,5830359,FRANCISCO DE ASSIS CARVALHO GONÇALVES
2014PE4500,5830545,HEBERTE LAMARCK GOMES DA SILVA
2014TO1515,5830622,CARLOS HENRIQUE AMORIM
2014RJ2727,5830522,LUIZ CARLOS RAMOS
2014TO1500,5830528,JOSINIANE BRAGA NUNES
2014PR4566,5830645,JACOB ALFREDO STOFFELS KAEFER
2014SP4565,5830307,JOSÉ RICARDO ALVARENGA TRIPOLI
2014RN2512,5830330,FELIPE CATALÃO MAIA
2014PR4070,5830499,LEOPOLDO COSTA MEYER
2014PE4012,5830476,MARINALDO ROSENDO DE ALBUQUERQUE
2014SP1434,5830353,NELSON MARQUEZELLI
2014MG4560,5830599,DOMINGOS SÁVIO CAMPOS RESENDE
2014MG2010,5830376,TANIA RAQUEL DE QUEIROZ MUNIZ
2014MT4010,5830459,FABIO PAULINO GARCIA
2014TO4040,5830708,VICENTE ALVES DE OLIVEIRA JUNIOR
2014MA5151,5830768,ANDRE LUIS CARVALHO RIBEIRO
2014AC1331,5830505,LEONARDO CUNHA DE BRITO
2014PE2222,5830422,ANDERSON FERREIRA RODRIGUES
2014PB1111,5830568,AGUINALDO VELLOSO BORGES RIBEIRO
2014PR5533,5830516,EVANDRO ROGERIO ROMAN
2014SC1313,5830313,DÉCIO NERY DE LIMA
2014BA1301,5830319,AFONSO BANDEIRA FLORENCE
2014RJ1033,5830662,ROSANGELA DE SOUZA GOMES
2014SC1560,5830413,CELSO MALDANER
2014ES1145,5830562,MARCUS ANTÔNIO VICENTE
2014SE1414,5830370,ADELSON BARRETO DOS SANTOS
2014SP1085,5830631,VINICIUS RAPOZO DE CARVALHO
2014BA4555,5830702,ANTONIO JOSÉ IMBASSAHY DA SILVA
2014GO4545,5830559,GIUSEPPE VECCI
2014RJ5005,5830725,JEAN WYLLYS DE MATOS SANTOS
2014BA1123,5830608,ROBERTO PEREIRA DE BRITTO
2014RJ5501,5830774,SERGIO ZVEITER
2014RN1511,5830419,WALTER PEREIRA ALVES
2014RJ2269,5830582,ALTINEU CÔRTES FREITAS COUTINHO
2014SE1311,5830751,JOAO SOMARIVA DANIEL
2014SE1010,5830396,JONY MARCOS DE SOUZA ARAUJO
2014RS1355,5830794,DIONILSO MATEUS MARCON
2014PR1122,5830651,DILCEU JOÃO SPERAFICO
2014MT1111,5830745,EZEQUIEL ANGELO FONSECA
2014PR2014,5830674,HIDEKAZU TAKAYAMA
2014SP1010,5830625,ANTONIO CARLOS MARTINS DE BULHÕES
2014RJ5566,5830731,ANTONIO PEDRO DE SIQUEIRA INDIO DA COSTA
2014SP1390,5830496,VICENTE PAULO DA SILVA
2014DF7777,5830433,AUGUSTO SILVEIRA DE CARVALHO
2014GO2345,5830445,MARCOS ABRAO RORIZ SOARES DE CARVALHO
2014AP2222,5830482,VINICIUS DE AZEVEDO GURGEL
2014BA1115,5830296,CARLOS FELIPE VAZQUEZ DE SOUZA LEÃO
2014SC4577,5830539,GEOVANIA DE SA RODRIGUES
2014TO1145,5830290,LÁZARO BOTELHO MARTINS
2014BA7712,5830788,ARTHUR DE OLIVEIRA MAIA DA SILVA
2014ES1212,5830682,ANTONIO SERGIO ALVES VIDIGAL
2014AC4545,5830688,WHERLES FERNANDES DA ROCHA
2014RJ1580,5830339,LEONARDO CARNEIRO MONTEIRO PICCIANI
2014MG4535,5830588,EDUARDO LUIZ BARROS BARBOSA
2014SP5544,5830439,JEFFERSON ALVES DE CAMPOS
2014DF9090,5830488,RONALDO FONSECA DE SOUZA
2014CE1513,5830390,FRANCISCO DANILO BASTOS FORTE
2014RS1200,5830619,AFONSO ANTUNES DA MOTTA
2014BA1322,5830548,WALDENOR ALVES PEREIRA FILHO
2014AM5525,5830571,ÁTILA SIDNEY LINS ALBUQUERQUE
2014RR2233,5830333,REMIDIO MONAI MONTESSI
2014SP4585,5830665,BRUNA DIAS FURLAN
2014RJ1550,5830642,FERNANDO ANTÔNIO CECILIANO JORDÃO
2014DF1515,5830310,RONEY TANIOS NEMER
2014CE2525,5830717,MORONI BING TORGAN
2014RR3131,5830456,CARLOS AUGUSTO ANDRADE SILVA
2014SP2010,5830379,MARCO ANTÔNIO FELICIANO
2014RJ1540,5830473,CELSO PANSERA
2014PI5555,5830694,JÚLIO CÉSAR DE CARVALHO LIMA
2014SP5533,5830479,RICARDO IZAR JUNIOR
2014PE4020,5830425,FRANCISCO TADEU BARBOSA DE ALENCAR
2014PA5555,5830502,JOAQUIM PASSARINHO PINTO DE SOUZA PORTO
2014MG1363,5830402,JOSÉ LEONARDO COSTA MONTEIRO
2014MT9090,5830648,VALTENIR LUIZ PEREIRA
2014TO1010,5830525,CESAR HANNA HALUM
2014MA2727,5830565,ALUISIO GUIMARAES MENDES FILHO
2014GO1105,5830602,ROBERTO EGÍDIO BALESTRA
2014PR2023,5830508,EDMAR DE SOUZA ARRUDA
2014RR4040,5830765,MARIA HELENA VERONESE RODRIGUES
2014PB2511,5830519,EFRAIM DE ARAÚJO MORAIS FILHO
2014MG3333,5830705,DAMINA DE CARVALHO PEREIRA
2014SP4500,5830711,CARLOS HENRIQUE FOCESI SAMPAIO
2014GO4565,5830462,JOÃO CAMPOS DE ARAÚJO
2014SE7777,5830362,LAERCIO JOSÉ DE OLIVEIRA
2014RJ5020,5830757,BENEVENUTO DACIOLO FONSECA DOS SANTOS
2014BA4545,5830416,JUTAHY MAGALHÃES JÚNIOR
2014PR4515,5830316,LUIZ CARLOS JORGE HAULY
2014MG1311,5830611,GABRIEL GUIMARÃES DE ANDRADE
2014PA2525,5830299,HELIO LEITE DA SILVA
2014AL2800,5830797,JOSÉ CÍCERO SOARES DE ALMEIDA
2014BA1919,5830536,JOAO CARLOS BACELAR BATISTA
2014RJ7733,5830465,AUREO LIDIO MOREIRA RIBEIRO
2014MG1314,5830442,MARIA MARGARIDA MARTINS SALOMÃO
2014MA1111,5830393,WALDIR MARANHÃO CARDOSO
2014CE1777,5830605,JOSE MARIA MACEDO JUNIOR
2014AM2323,5830728,HISSA NAGIB ABRAHAO FILHO
2014GO4555,5830373,ALEXANDRE BALDY DE SANT'ANNA BRAGA
2014MT4045,5830628,ADILTON DOMINGOS SACHETTI
2014GO4500,5830350,WALDIR SOARES DE OLIVEIRA
2014PE4545,5830748,DANIEL PIRES COELHO
2014AM2222,5830771,ALFREDO PEREIRA DO NASCIMENTO
2014MT1515,5830791,CARLOS GOMES BEZERRA
2014PR1533,5830293,OSMAR JOSÉ SERRAGLIO
2014SC1570,5830542,MAURO MARIANI
2014RJ4415,5830436,ALEXANDRE VALLE CARDOSO
2014MS1234,5830399,DAGOBERTO NOGUEIRA FILHO
2014SP2343,5830591,ALEX SPINELLI MANENTE
2014BA2555,5830579,JOSÉ CARLOS ALELUIA COSTA
2014AL1515,5830777,MARX BELTRÃO LIMA SIQUEIRA
2014RS1314,5830634,MARCO AURÉLIO SPALL MAIA
2014GO1313,5830485,RUBENS OTONI GOMIDE
2014GO4599,5830585,CELIO ANTONIO DA SILVEIRA
2014SP1111,5830342,PAULO SALIM MALUF
2014RN1111,5830685,CARLOS ALBERTO DE SOUSA ROSADO SEGUNDO
2014RO1521,5830734,LINDOMAR BARBOSA ALVES
2014TO1511,5830311,DULCE FERREIRA PAGANI MIRANDA
2014MS2555,5830643,LUIZ HENRIQUE MANDETTA
2014RJ7725,5830620,EZEQUIEL CORTAZ TEIXEIRA
2014SP4021,5830288,LUIZA ERUNDINA DE SOUSA
2014PR1151,5830357,RICARDO JOSÉ MAGALHÃES BARROS
2014RS1500,5830689,ALCEU MOREIRA DA SILVA
2014AP1212,5830334,ANTONIO ROBERTO RODRIGUES GÓES DA SILVA
2014BA2552,5830666,ELMAR JOSE VIEIRA NASCIMENTO
2014RJ2288,5830551,PAULO FERNANDO FEIJO TORRES
2014PA7777,5830474,WLADIMIR AFONSO DA COSTA RABELO
2014CE1500,5830497,ANÍBAL FERREIRA GOMES
2014AP1312,5830503,MARCIVANIA DO SOCORRO DA ROCHA FLEXA
2014CE1322,5830597,JOSÉ NOBRE GUIMARÃES
2014RS4545,5830428,NELSON MARCHEZAN JÚNIOR
2014SP1044,5830451,PAULO ROBERTO GOMES MANSUR
2014MG4050,5830574,JÚLIO CÉSAR DELGADO
2014BA1144,5830566,RONALDO CARLETTO
2014SP4336,5830649,EVANDRO HERRERA BERTONE GUSSI
2014SP2299,5830720,MARCIO LUIZ ALVINO DE SOUZA
2014RJ1111,5830411,JULIO LUIZ BAPTISTA LOPES
2014CE1234,5830614,ANDRÉ PEIXOTO FIGUEIREDO LIMA
2014SP1011,5830603,SERGIO BAVINI
2014SP2255,5830520,MILTON ANTONIO CASQUEL MONTI
2014RS1221,5830766,GIOVANI CHERINI
2014ES4040,5830457,PAULO ROBERTO FOLETTO
2014MG5550,5830468,JAIME MARTINS FILHO
2014RS1522,5830557,OSMAR GASPARINI TERRA
2014ES1320,5830706,GIVALDO VIEIRA DA SILVA
2014MA4321,5830511,JOSÉ SARNEY FILHO
2014BA5500,5830760,JOSÉ CARLOS LEÃO DE ARAÚJO
2014SP2020,5830514,GILBERTO NASCIMENTO SILVA
2014RJ1513,5830365,SORAYA ALENCAR DOS SANTOS
2014RJ1377,5830660,BENEDITA SOUZA DA SILVA SAMPAIO
2014PA1588,5830394,SIMONE MARIA MORGADO FERREIRA
2014PR1345,5830417,ANTONIO WANDSCHEER
2014SP1353,5830749,NILTO IGNACIO TATTO
2014BA6565,5830345,DANIEL GOMES DE ALMEIDA
2014SE1515,5830680,FABIO DE ALMEIDA REIS
2014MA4410,5830606,JOSE JUSCELINO DOS SANTOS REZENDE FILHO
2014RS1423,5830723,RONALDO NOGUEIRA DE OLIVEIRA
2014RS1011,5830302,ANTONIO CARLOS GOMES DA SILVA
2014MG7012,5830835,FRANKLIN ROBERTO DE LIMA SOUZA
2014RJ9090,5830320,HUGO LEAL MELO DA SILVA
2014BA1410,5830609,ANTONIO LUIZ PARANHOS RIBEIRO LEITE DE BRITO
2014MS1511,5830512,GERALDO RESENDE PEREIRA
2014SP1370,5830561,CARLOS ALBERTO ROLIM ZARATTINI
2014RR4545,5830489,SHÉRIDAN ESTÉRFANY OLIVEIRA DE ANCHIETA
2014PA1456,5830632,JOSUÉ BENGTSON
2014RN9090,5830775,RAFAEL HUETE DA MOTTA
2014SP7777,5830369,PAULO PEREIRA DA SILVA
2014SP2233,5830701,PAULO ROBERTO FREIRE DA COSTA
2014MG1111,5830297,DIMAS FABIANO TOLEDO JÚNIOR
2014SC1133,5830346,ESPERIDIÃO AMIN HELOU FILHO
2014AC1012,5830326,ALAN RICK MIRANDA
2014CE9090,5830652,DOMINGOS GOMES DE AGUIAR NETO
2014MG6565,5830724,MARIA DO SOCORRO JÔ MORAES
2014MT4500,5830675,NILSON APARECIDO LEITÃO
2014CE9000,5830352,ANTONIO BALHMANN CARDOSO NUNES FILHO
2014PE1234,5830303,WOLNEY QUEIROZ MACIEL
2014PA2323,5830744,ARNALDO JORDY FIGUEIREDO
2014PA1555,5830495,JOSÉ BENITO PRIANTE JÚNIOR
2014RJ1125,5830589,SIMÃO SESSIM
2014GO5500,5830638,HEULER ABREU CRUVINEL
2014SP6565,5830446,ORLANDO SILVA DE JESUS JUNIOR
2014PE6510,5830532,LUCIANA BARBOSA DE OLIVEIRA SANTOS
2014PR1120,5830581,MARCELO BELINATI MARTINS
2014MG2505,5830681,MISAEL ARTUR FERREIRA VARELLA
2014SP1078,5830289,BENEDITO ROBERTO ALVES FERREIRA
2014PB4510,5830538,PEDRO OLIVEIRA CUNHA LIMA
2014MG1315,5830781,JOÃO CARLOS SIQUEIRA
2014RS1412,5830340,SÉRGIO IVAN MORAES
2014PI1111,5830389,IRACEMA MARIA PORTELLA NUNES NOGUEIRA LIMA
2014CE1333,5830501,JOSÉ AIRTON FÉLIX CIRILO DA SILVA
2014BA1518,5830430,LÚCIO QUADROS VIEIRA LIMA
2014RJ1200,5830762,MARCELO VIVIANI GONÇALVES
2014RS1133,5830478,JERÔNIMO PIZZOLOTTO GOERGEN
2014PI4036,5830716,HERÁCLITO DE SOUSA FORTES
2014CE7777,5830384,GENECIAS MATEUS NORONHA
2014PR4040,5830407,LUCIANO DUCCI
2014PE1414,5830593,RICARDO TEOBALDO CAVALCANTI
2014SC2223,5830670,JORGINHO DOS SANTOS MELLO
2014SP1335,5830355,VALMIR PRASCIDELLI
2014BA4567,5830693,JOAO GUALBERTO VASCONCELOS
2014BA5577,5830570,JOSÉ NUNES SOARES
2014PR1310,5830576,JOSÉ CARLOS BECKER DE OLIVEIRA E SILVA
2014RO4545,5830624,MARIANA FONSECA RIBEIRO CARVALHO DE MORAES
2014SP2222,5830378,FRANCISCO EVERARDO OLIVEIRA SILVA
2014MG5555,5830547,DIEGO LEONARDO DE ANDRADE CARVALHO
2014AP2020,5830524,MARCOS JOSE REATEGUI SOUZA
2014RS1166,5830647,JOSÉ ALFONSO EBERT HAMM
2014AM5555,5830401,SILAS CÂMARA
2014MS1313,5830424,JOSE ORCIRIO MIRANDA DOS SANTOS
2014MA4356,5830507,CARLOS VICTOR GUTERRES MENDES
2014RR1234,5830756,ABEL SALVADOR MESQUITA JUNIOR
2014BA6522,5830470,ALICE MAZZUCO PORTUGAL
2014DF5555,5830553,ROGÉRIO SCHUMANN ROSSO
2014MG4545,5830616,PAULO ABI-ACKEL
2014RJ6565,5830367,JANDIRA FEGHALI
2014RJ1456,5830564,WANDERLEY ALVES DE OLIVEIRA
2014GO1414,5830361,JOVAIR DE OLIVEIRA ARANTES
2014PB1510,5830710,VENEZIANO VITAL DO RÊGO SEGUNDO NETO
2014SP2070,5830315,EDUARDO NANTES BOLSONARO
2014MG1145,5830610,LUIZ FERNANDO RAMOS FARIA
2014RJ1414,5830347,CRISTIANE BRASIL FRANCISCO
2014SP5555,5830513,HERCULANO CASTILHO PASSOS JUNIOR
2014MG1515,5830584,RODRIGO OTAVIO SOARES PACHECO
2014AM4545,5830441,ARTHUR VIRGILIO DO CARMO RIBEIRO BISNETO
2014RJ1310,5830298,FRANCISCO JOSÉ D'ANGELO PINTO
2014RJ5050,5830653,FRANCISCO RODRIGUES DE ALENCAR FILHO
2014AL1111,5830321,ARTHUR CÉSAR PEREIRA DE LIRA
2014PB5555,5830776,RÔMULO JOSÉ DE GOUVEIA
2014PR4300,5830676,LEANDRE DAL PONTE
2014PA4590,5830421,NILSON PINTO DE OLIVEIRA
2014SP4517,5830398,MARA CRISTINA GABRILLI
2014MG2245,5830796,OLAVO BILAC PINTO NETO
2014GO3134 2014SC5555,5830304,JOÃO RODRIGUES
2014MG1199,5830327,ODELMO LEÃO CARNEIRO SOBRINHO
2014RS1144,5830770,LUIS CARLOS HEINZE
2014SP2500,5830590,JORGE TADEU MUDALEN
2014RR1011,5830341,JOHNATHAN PEREIRA DE JESUS
2014BA3637,5830447,ULDURICO ALENCAR PINTO
2014MG1580,5830484,LAUDIVIO ALVARENGA CARVALHO
2014ES7777,5830639,CARLOS HUMBERTO MANNATO
2014AC1314,5830541,RAIMUNDO ANGELIM VASCONCELOS
2014RS1212,5830627,DARCI POMPEO DE MATTOS
2014RJ1530,5830533,EDUARDO COSENTINO DA CUNHA
2014BA2012,5830292,ERIVELTON LIMA SANTANA
2014MA1414,5830633,PEDRO FERNANDES RIBEIRO
2014SP1155,5830782,JOSÉ OLIMPIO SILVEIRA MORAES
2014MG3133,5830596,MARCELO GUILHERME DE ARO FERREIRA
2014CE2323,5830667,MOSES HAENDEL MELO RODRIGUES
2014PR2200,5830713,FERNANDO LÚCIO GIACOBO
2014SP2513,5830381,ALEXANDRE LEITE DA SILVA
2014CE6565 2014MA2811,5830690,FRANCISCO LOPES DA SILVA
2014AP4040,5830358,JANETE MARIA GÓES CAPIBERIBE
2014CE1313,5830427,LUIZIANNE DE OLIVEIRA LINS
2014MG7777,5830504,JOSÉ SILVA SOARES
2014MG4433,5830404,MARCELO HENRIQUE TEIXEIRA DIAS
2014RJ1312,5830521,LUIZ SÉRGIO NÓBREGA DE OLIVEIRA
2014RS1313,5830527,HENRIQUE FONTANA JÚNIOR
2014AC1555,5830742,FLAVIANO FLÁVIO BAPTISTA DE MELO
2014RO7745,5830550,EXPEDITO GONCALVES FERREIRA NETTO
2014MG2555,5830719,CARLOS DO CARMO ANDRADE MELLES
2014SP4000,5830696,LUIZ LAURO FERREIRA FILHO
2014PR2300,5830573,RUBENS BUENO
2014RS1122,5830450,RENATO DELMAR MOLLING
2014BA4013,5830613,ADALBERTO SOUZA GALVÃO
2014AP1010,5830650,ANDRE DOS SANTOS ABDON
2014SP2277,5830556,MIGUEL LOMBARDI
2014RO1406,5830458,NILTON BALBINO
2014PA2222,5830567,LÚCIO DUTRA VALE
2014PA5050,5830604,EDMILSON BRITO RODRIGUES
2014MG4010,5830759,SERGIO LUCIO DE ALMEIDA
2014SC1509,5830753,RONALDO JOSÉ BENEDET
2014PR2222,5830410,LUIZ HILOSHI NISHIMORI
2014RJ2587,5830464,RODRIGO FELINTO IBARRA EPITÁCIO MAIA
2014RJ2280,5830707,FRANCISCO FLORIANO DE SOUSA SILVA
2014PE1444,5830364,ADALBERTO CAVALCANTI RODRIGUES
2014PI1515,5830659,MARCELO COSTA E CASTRO
2014BA2522,5830679,CLÁUDIO CAJADO SAMPAIO
2014BA1310,5830418,VALMIR CARLOS DA ASSUNÇÃO
2014SP2577,5830750,ADRIANO ELI CORRÊA
2014BA2020,5830324,ANTONIO LAZARO SILVA
2014SP1515,5830607,LUIZ FELIPE BALEIA TENUTO ROSSI
2014MA1513,5830656,HILDO AUGUSTO DA ROCHA NETO
2014CE2290,5830773,FLAVIO ALVES SABINO
2014SC2323,5830630,CARMEN EMÍLIA BONFÁ ZANOTTO
2014MG1234,5830467,MÁRIO LÚCIO HERINGER
2014SE2000,5830799,ANDRÉ LUIS DANTAS FERREIRA
2014PB2222,5830395,JOSÉ WELLINGTON ROBERTO
2014TO5510,5830444,IRAJÁ SILVESTRE FILHO
2014PA2020,5830699,JULIA MARIA GODINHO DA CRUZ MARINHO
2014AL1313,5830375,PAULO FERNANDO DOS SANTOS
2014CE1331,5830301,LUIZ ODORICO MONTEIRO DE ANDRADE
2014PR1512,5830722,SERGIO DE SOUZA
2014PB1212,5830673,DAMIÃO FELICIANO DA SILVA
2014SP1321,5830779,ANA LUCIA LIPPAUS PERUGINI
2014PR1111,5830544,NELSON MEURER
2014SP1354,5830481,ANDRES NAVARRO SANCHEZ
2014SP4030,5830493,FLAVIO AUGUSTO DA SILVA
2014PI4040,5830530,ÁTILA FREITAS LIRA
2014SP1023,5830338,FAUSTO RUY PINATO
2014RN3333,5830587,ANTONIO JACOME DE LIMA JUNIOR
2014SP1301,5830344,VICENTE CÂNDIDO DA SILVA
2014MG1231,5830736,LUIZ GONZAGA RIBEIRO
2014SP4096,5830730,IOLANDA KEIKO MIASHIRO OTA
2014MG2233,5830687,LINCOLN DINIZ PORTELA
2014PI4041,5830636,RODRIGO RODRIGUES DE SOUZA MARTINS
2014PE4050,5830387,FRANCISCO EURICO DA SILVA
2014SP4510,5830438,VITOR LIPPI
2014SP1452,5830487,ARNALDO FARIA DE SÁ
2014MG1570,5830809,SILAS BRASILEIRO
2014MG6510,5830810,WADSON NATHANIEL RIBEIRO
2014PE7777,5830811,AUGUSTO RODRIGUES COUTINHO DE MELO
2014PE1190,5830812,FERNANDO MONTEIRO DE ALBUQUERQUE
2014PE6540,5830813,CARLOS EDUARDO CINTRA DA COSTA PEREIRA
2014RS1345,5830823,FERNANDO STEPHAN MARRONI
2014RJ1400,5830826,WALNEY DA ROCHA CARVALHO
2014RJ1545,5830827,MARCOS DA ROCHA MENDES
2014RJ1508,5830828,CELSO ALENCAR RAMOS JACOB
2014RS1577,5830831,MAURO PEREIRA
2014RS1510,5830830,JOSÉ ALBERTO FOGAÇA DE MEDEIROS
2014SP2323,5830837,ROBERTO JOÃO PEREIRA FREIRE
2014MA1522,5830840,JOSÉ ALBERTO OLIVEIRA VELOSO FILHO
2014PI7777,5830841,JOSÉ DE ANDRADE MAIA FILHO
2014RJ1322,5830842,WADIH NEMER DAMOUS FILHO
2014SP4343,5830843,JOSÉ LUIZ DE FRANÇA PENNA
2014PE2323,5830832,RAUL BELENS JUNGMANN PINTO
2014SP4577,5830802,ANTONIO CARLOS DE MENDES THAME
2014SP4512,5830804,ANTONIO ADOLPHO LOBBE NETO
2014BA6510,5830808,DAVIDSON DE MAGALHÃES SANTOS
2014GO1122,5830807,JOÃO SANDES JÚNIOR
2014SC1515,5830818,EDSON BEZ DE OLIVEIRA
2014SP5599,5830801,WALTER SHINDI IIHOSHI
2014MG9010,5830803,ADEMIR CAMILO PRATES RODRIGUES
2014BA5528,5830806,FERNANDO DANTAS TORRES
2014AM2525,5830374,PAUDERNEY TOMAZ AVELINO
2014PA1515,5830325,ELCIONE THEREZINHA ZAHLUTH BARBALHO
2014ES1350,5830351,HELDER IGNACIO SALOMAO
2014SP1919,5830772,RENATA HELLMEISTER DE ABREU
2014MT2020,5830388,VICTORIO GALLI FILHO
2014PA9010,5830637,ROBERTO SALAME FILHO
2014PE4511,5830294,BRUNO CAVALCANTI DE ARAÚJO
2014BA2288,5830780,JOÃO CARLOS PAOLILO BACELAR FILHO
2014MG4555,5830743,MARCUS VINÍCIUS CAETANO PESTANA DA SILVA
2014MG1122,5830792,ANTÔNIO PINHEIRO JÚNIOR
2014PR1900,5830531,CHRISTIANE DE SOUZA YARED
2014MG4520,5830543,CAIO NARCIO RODRIGUES DA SILVEIRA
2014AL1212,5830580,RONALDO AUGUSTO LESSA SANTOS
2014MG1312,5830494,REGINALDO LÁZARO DE OLIVEIRA LOPES
2014RO1555,5830729,LUCIO ANTONIO MOSQUINI
2014PA5577,5830337,FRANCISCO ALVES DE AGUIAR
2014CE1010,5830437,RONALDO MANCHADO MARTINS
2014RR1515,5830686,ÉDIO VIEIRA LOPES
2014SP4522,5830586,JOAO PAULO TAVARES PAPA
2014MG5545,5830537,MARCOS MONTES CORDEIRO
2014SP4580,5830477,SAMUEL MOREIRA DA SILVA JUNIOR
2014BA1010,5830454,MÁRCIO CARLOS MARINHO
2014CE9099,5830786,JOSÉ LEÔNIDAS DE MENEZES CRISTINO
2014AM1515,5830431,MARCOS SERGIO ROTTA
2014SP1080,5830594,MARCELO SQUASSONI
2014PR2323,5830763,SANDRO ALEX CRUZ DE OLIVEIRA
2014PI1410,5830740,JOSÉ FRANCISCO PAES LANDIM
2014SE4040,5830408,ANTÔNIO CARLOS VALADARES FILHO
2014SC1350,5830617,PEDRO FRANCISCO UCZAI
2014AP1478,5830308,JOZIANE ARAUJO NASCIMENTO ROCHA
2014RR3333,5830646,HIRAN MANUEL GONCALVES DA SILVA
2014MA1555,5830331,JOÃO MARCELO SANTOS SOUZA
2014RS1307,5830669,PAULO ROBERTO SEVERO PIMENTA
2014MA4040,5830354,JOSÉ REINALDO CARNEIRO TAVARES
2014RS1111,5830523,LUIS ANTONIO FRANCISCATTO COVATTI
2014RJ5522,5830600,FELIPE LEONE BORNIER DE OLIVEIRA
2014SC1105,5830500,JORGE CATARINO LEONARDELI BOEIRA
2014SP4311,5830623,SINVAL MALHEIROS PINTO JÚNIOR
2014RS4080,5830377,JOSE LUIZ STÉDILE
2014RO1234,5830471,MARCOS ROGÉRIO DA SILVA BRITO
2014RJ4555,5830554,OTAVIO SANTOS SILVA LEITE
2014PE1111,5830517,EDUARDO HENRIQUE DA FONTE DE ALBUQUERQUE SILVA
2014MG1350,5830314,ADELMO CARNEIRO LEAO
2014RJ5577,5830563,SOSTENES SILVA CAVALCANTE
2014BA1363,5830663,MOEMA ISABEL PASSOS GRAMACHO
2014RO1515,5830657,MARINHA CÉLIA ROCHA RAUPP DE MATOS
2014BA1313,5830414,JORGE JOSE SANTOS PEREIRA SOLLA
2014MT1313,5830560,SÁGUAS MORAES SOUSA
2014RS5501,5830726,DANRLEI DE DEUS HINTERHOLZ
2014PE4040,5830583,JOAO FERNANDO PONTUAL COUTINHO
2014PR1330,5830348,ENIO JOSÉ VERRI
2014MG1433,5830677,EROS FERREIRA BIONDINI
2014RS4012,5830703,HEITOR JOSE SCHUCH
2014MG2222,5830322,AELTON JOSÉ DE FREITAS
2014PB1411,5830752,JOSÉ WILSON SANTIAGO FILHO
2014RJ4080,5830397,GLAUBER DE MEDEIROS BRAGA
2014PB7777,5830769,BENJAMIN GOMES MARANHÃO NETO
2014MG4044,5830746,STEFANO AGUIAR DOS SANTOS
2014RJ2211,5830328,MARCOS BEZERRA RIBEIRO SOARES
2014SC1510,5830697,ROGÉRIO MENDONÇA
2014AC1313,5830795,SEBASTIÃO SIBÁ MACHADO OLIVEIRA
2014ES4500,5830483,MAX FREITAS MAURO FILHO
2014MS4040,5830732,TEREZA CRISTINA CORREA DA COSTA DIAS
2014MA2323,5830448,ELIZIANE PEREIRA GAMA FERREIRA
2014PE1400,5830626,JOSE CAVALCANTI ALVES JUNIOR
2014MG1590,5830577,JOSÉ SARAIVA FELIPE
2014SP2200,5830434,JOSE AUGUSTO ROSA
2014BA2222,5830789,JOSÉ ALVES ROCHA
2014BA2526,5830391,PAULO VELLOSO DANTAS AZI
2014CE1590,5830640,VITOR PEREIRA VALIM
2014RS1502,5830385,DARCÍSIO PAULO PERONDI
2014RJ1010,5830540,ROBERTO DA SILVA SALES
2014MS1331,5830534,VANDER LUIZ DOS SANTOS LOUBET
2014RJ1516,5830491,WASHINGTON REIS DE OLIVEIRA
2014TO2580,5830683,MARIA AUXILIADORA SEABRA REZENDE
2014SC4545,5830440,MARCO ANTONIO TEBALDI
2014BA5580,5830291,SÉRGIO LUÍS LACERDA BRITO
2014AP1512,5830572,LUIZ GIONILSON PINHEIRO BORGES
2014MS1515,5830595,CARLOS EDUARDO XAVIER MARUN
2014AL4545,5830787,PEDRO TORRES BRANDÃO VILELA
2014AL2266,5830618,MAURÍCIO QUINTELLA MALTA LESSA
2014MA1010,5830455,CLEBER VERDE CORDEIRO MENDES
2014PE2020,5830641,SÍLVIO SERAFIM COSTA
2014MA5122,5830432,ANTONIO DA CRUZ FILGUEIRA JUNIOR
2014PE2525,5830764,JOSÉ MENDONÇA BEZERRA FILHO
2014ES9090,5830309,JORGE SILVA
2014SP4551,5830332,VANDERLEI MACRIS
2014AC1515,5830403,JESSICA ROJAS SALES
2014BA1400,5830741,BENITO DA GAMA SANTOS
2014MG1391,5830380,WELITON FERNANDES PRADO
2014MA4555,5830718,JOÃO CASTELO RIBEIRO GONÇALVES
2014MG3645,5830695,BRUNIELE FERREIRA GOMES
2014DF4545,5830526,IZALCI LUCAS FERREIRA
2014RS2522,5830449,ONYX DORNELLES LORENZONI
2014PR3131,5830672,DIEGO ALEXSANDER GONCALO PAULA GARCIA
2014CE4511,5830549,RAIMUNDO GOMES DE MATOS
2014PR1414,5830426,ALEX CANZIANI SILVEIRA
2014PB1345,5830317,LUIZ ALBUQUERQUE COUTO
2014CE3131,5830601,JOSE ADAIL CARNEIRO SILVA
2014DF2525,5830472,JOÃO ALBERTO FRAGA SILVA
2014AL7777,5830555,JOAO HENRIQUE HOLANDA CALDAS
2014PA1321,5830518,JOSÉ GERALDO TORRES DA SILVA
2014MA1212,5830409,WEVERTON ROCHA MARQUES DE SOUSA
2014GO4578,5830415,FABIO FERNANDES DE SOUSA
2014RJ2222,5830658,CLARISSA BARROS ASSED MATHEUS DE OLIVEIRA
2014CE1451,5830664,JOSÉ ARNON CRUZ BEZERRA DE MENEZES
2014PB1515,5830509,MANOEL ALVES DA SILVA JUNIOR
2014MG1907,5830363,EDSON MOREIRA DA SILVA
2014PR1511,5830612,JOÃO JOSÉ DE ARRUDA JÚNIOR
2014RN4545,5830463,ROGÉRIO SIMONETTI MARINHO
2014PE3140,5830758,KAIO CESAR DE MOURA MANICOBA NOVAES FERRAZ
2014PE1515,5830323,JARBAS DE ANDRADE VASCONCELOS
2014RS1320,5830655,ELVINO JOSÉ BOHN GASS
2014RS1112,5830798,JOSÉ OTÁVIO GERMANO
2014RS1370,5830300,MARIA DO ROSÁRIO NUNES
2014MG1500,5830466,LEONARDO LEMOS BARROS QUINTÃO
2014SP4540,5830704,SILVIO FRANÇA TORRES
2014MG1510,5830372,NEWTON CARDOSO JUNIOR
2014BA1234,5830443,FELIX DE ALMEIDA MENDONÇA JÚNIOR
2014AM1122,5830629,MARIA DA CONCEICAO SAMPAIO MOURA
2014GO7777,5830727,LUCAS DE CASTRO SANTOS
2014PE4001,5830678,FERNANDO BEZERRA DE SOUZA COELHO FILHO
2014RJ5570,5830747,ALEXANDRE AUGUSTUS SERFIOTIS
2014RN5555,5830349,FÁBIO SALUSTINO MESQUITA DE FARIA
2014AC4040,5830698,CARLOS CESAR CORREIA DE MESSIAS
2014RJ1120,5830721,JAIR MESSIAS BOLSONARO
2014AL9090,5830400,GIVALDO DE SÁ GOUVEIA
2014SP1100,5830578,GUILHERME MUSSI FERREIRA
2014RJ1313,5830329,ALESSANDRO LUCCIOLA MOLON
2014RO2222,5830435,LUIZ CLAUDIO PEREIRA ALVES
2014SP4515,5830529,EDUARDO PEDROSA CURY
2014SP1000,5830790,CELSO UBIRAJARA RUSSOMANNO
2014GO1212,5830778,FLÁVIA CARREIRO ALBUQUERQUE MORAIS
2014BA5529,5830592,PAULO SÉRGIO PARANHOS DE MAGALHÃES
2014GO2222,5830735,MAGDA MOFATTO HON
2014BA1300,5830486,LUIZ CARLOS CAETANO
2014SC5510,5830492,CÉSAR ANTONIO DE SOUZA
2014RN2222,5830392,ZENAIDE MAIA CALADO PEREIRA DOS SANTOS
2014PR1314,5830386,ASSIS MIGUEL DO COUTO
2014PB1522,5830343,HUGO MOTTA WANDERLEY DA NÓBREGA
2014ES4343,5830535,EVAIR VIEIRA DE MELO
2014RJ9000,5830684,MIRO TEIXEIRA
2014SP1398,5830635,LUIZ PAULO TEIXEIRA FERREIRA
2014SC1516,5830406,VALDIR COLATTO
2014SP4567,5830738,BRUNO COVAS LOPES
2014RJ2200,5830429,JOAO FERREIRA NETO
2014MA1300,5830644,JOSÉ CARLOS NUNES JÚNIOR
2014SP1322,5830761,ARLINDO CHIGNALIA JUNIOR
2014SP4547,5830360,MIGUEL MOUBADDA HADDAD
2014GO1510,5830692,DANIEL ELIAS CARVALHO VILELA
2014DF1331,5830715,ÉRIKA JUCÁ KOKAY
2014PR7777,5830383,FERNANDO DESTITO FRANCISCHINI
2014PA5500,5830498,EDER MAURO CARDOSO BARRA
2014SE5555,5830569,FABIO CRUZ MITIDIERI
2014PE4000,5830575,LUIZ GONZAGA PATRIOTA
2014PR4545,5830546,VALDIR LUIZ ROSSONI
2014MG4311,5830552,FÁBIO AUGUSTO RAMALHO DOS SANTOS
2014PE1411,5830621,JORGE WICKS CÔRTE REAL
2014MG1121,5830452,RENZO DO AMARAL BRAZ
2014SP1332,5830475,JOSÉ MENTOR GUILHERME DE MELLO NETTO
2014RS1414,5830598,LUIZ CARLOS GHIORZZI BUSATO
2014RS6565,5830412,JOAO DERLY DE OLIVEIRA NUNES JUNIOR
2014MG4566,5830755,BONIFÁCIO JOSÉ TAMM DE ANDRADA
2014MA6565,5830306,RUBENS PEREIRA E SILVA JUNIOR
2014BA1012,5830767,ERONILDES VASCONCELOS CARVALHO
2014PR1540,5830423,HERMES PARCIANELLO
2014MG1511,5830615,MAURO RIBEIRO LOPES
2014ES1515,5830469,WELINGTON COIMBRA
2014BA1111,5830558,MARIO SILVIO MENDES NEGROMONTE JUNIOR
2014PI2222,5830836,SILAS FREIRE PEREIRA E SILVA
2014CE2233,5830366,MARIA GORETE PEREIRA
2014SP2512,5830805,MARCELO THEODORO DE AGUIAR
2014MS7777,5830829,ELIZEU DIONIZIO SOUZA DA SILVA

